t,K_B,K_B_prony,K_C,K_C_prony
0,3.65556976,3.657621565,-3.490460106,-3.49145857
0.001002506266,3.330846446,3.328791505,-3.258903162,-3.257385034
0.002005012531,3.035055102,3.033942846,-3.040643136,-3.039901773
0.003007518797,2.769397593,2.769003367,-2.837964957,-2.837790209
0.004010025063,2.530402924,2.530454373,-2.649753731,-2.649923411
0.005012531328,2.314970272,2.315248566,-2.474917449,-2.475259086
0.006015037594,2.120349866,2.120740751,-2.312412403,-2.312833117
0.00701754386,1.944165316,1.944629336,-2.161290118,-2.161753596
0.008020050125,1.784402454,1.784906867,-2.020716644,-2.021195321
0.009022556391,1.639334396,1.639818174,-1.889944707,-1.890394715
0.01002506266,1.507428448,1.507824897,-1.768269922,-1.768645142
0.01102756892,1.387297845,1.387575389,-1.655013878,-1.65529258
0.01203007519,1.2777091,1.277879139,-1.549541905,-1.549731624
0.01303258145,1.177598983,1.177685007,-1.451285182,-1.451401806
0.01403508772,1.086056049,1.08606267,-1.359737322,-1.359784192
0.01503759398,1.00227164,1.002186783,-1.274428963,-1.274398235
0.01604010025,0.9255022738,0.9253234288,-1.194908672,-1.194798885
0.01704260652,0.8550693451,0.8548185097,-1.120747786,-1.1205739
0.01804511278,0.7903779538,0.7900877784,-1.051557206,-1.051341386
0.01904761905,0.7309184549,0.7306082629,-0.9869919324,-0.9867475017
0.02005012531,0.6762404176,0.675910874,-0.9267364873,-0.9264643587
0.02105263158,0.6259238164,0.6255740191,-0.8704879406,-0.8701880696
0.02205513784,0.579574272,0.5792180717,-0.8179546065,-0.8176369498
0.02305764411,0.5368389269,0.5365005731,-0.7688682258,-0.7685498561
0.02406015038,0.4974160421,0.4971120583,-0.7229916824,-0.7226846508
0.02506265664,0.4610421217,0.4607724168,-0.6801114262,-0.6798167836
0.02606516291,0.427469521,0.427227713,-0.6400232971,-0.6397379803
0.02706766917,0.3964585266,0.3962474001,-0.6025278562,-0.602255032
0.02807017544,0.3677889574,0.3676218741,-0.5674386643,-0.5671886755
0.0290726817,0.3412726528,0.3411603212,-0.534591066,-0.5343725586
0.03007518797,0.3167488616,0.3166888186,-0.5038394389,-0.5036522835
0.03107769424,0.2940670076,0.2940486548,-0.4750458952,-0.474884523
0.0320802005,0.2730767205,0.2730948412,-0.4480737667,-0.4479362028
0.03308270677,0.2536350516,0.2536947898,-0.4227925511,-0.422683746
0.03408521303,0.2356192863,0.2357271364,-0.3990865867,-0.3990123738
0.0350877193,0.2189277874,0.2190806901,-0.3768556894,-0.3768154593
0.03609022556,0.2034672447,0.2036534946,-0.3560066505,-0.3559939297
0.03709273183,0.1891416888,0.1893519871,-0.3364458755,-0.3364557133
0.0380952381,0.1758557046,0.176090244,-0.3180815132,-0.3181152278
0.03909774436,0.1635261687,0.1637893016,-0.3008312956,-0.3008929071
0.04010025063,0.1520866979,0.1523765454,-0.2846255009,-0.2847147631
0.04110275689,0.141478925,0.1417851582,-0.2694010833,-0.2695119807
0.04210526316,0.131641405,0.1319536218,-0.2550941937,-0.2552205424
0.04310776942,0.1225094227,0.122825266,-0.2416399899,-0.2417808813
0.04411027569,0.1140248632,0.1143478598,-0.2289791943,-0.2291375594
0.04511278195,0.106142907,0.1064732401,-0.2170625378,-0.2172389701
0.04611528822,0.09882691461,0.09915697479,-0.205847295,-0.2060370628
0.04711779449,0.09203798048,0.09235805566,-0.195290235,-0.1954870872
0.04812030075,0.08573202082,0.08603861922,-0.1853456089,-0.1855473577
0.04912280702,0.0798673558,0.08016369175,-0.1759701721,-0.1761790335
0.05012531328,0.07441258142,0.07470095669,-0.1671284154,-0.1673459166
0.05112781955,0.06934461458,0.06962054218,-0.1587912218,-0.1590142633
0.05213032581,0.06463948504,0.06489482674,-0.1509296565,-0.1511526102
0.05313283208,0.06026741707,0.06049826141,-0.1435116204,-0.1437316129
0.05413533835,0.0561979581,0.05640720689,-0.1365052358,-0.1367238961
0.05513784461,0.05240816217,0.05259978421,-0.1298842918,-0.1301039152
0.05614035088,0.04888329823,0.04905573783,-0.1236286928,-0.1238478272
0.05714285714,0.0456093011,0.04575630997,-0.1177193719,-0.1179333721
0.05814536341,0.04256655111,0.04268412513,-0.1121340842,-0.1123397616
0.05914786967,0.03973257753,0.03982308411,-0.106849177,-0.107047577
0.06015037594,0.03708985852,0.03715826644,-0.1018447841,-0.1020386735
0.06115288221,0.03462865124,0.03467584074,-0.09710670271,-0.09729609243
0.06215538847,0.03234136061,0.03236298214,-0.09262260183,-0.09280397886
0.06315789474,0.03021568047,0.0302077963,-0.08837739926,-0.08854750561
0.064160401,0.02823505106,0.02819924941,-0.08435353513,-0.08451280263
0.06516290727,0.02638553748,0.02632710366,-0.08053555435,-0.0806868914
0.06616541353,0.02466021557,0.0245818578,-0.0769130306,-0.07705762402
0.0671679198,0.02305556292,0.02295469227,-0.07347813721,-0.07361362666
0.06817042607,0.02156456003,0.02143741865,-0.07022100662,-0.07034424694
0.06917293233,0.02017519811,0.0200224329,-0.06712870507,-0.06723950518
0.0701754386,0.01887604878,0.01870267235,-0.06418894223,-0.06429004897
0.07117794486,0.0176616374,0.01747157581,-0.06139365996,-0.06148711101
0.07218045113,0.01653082228,0.01632304686,-0.05873794044,-0.05882246992
0.07318295739,0.01548036889,0.01525141984,-0.05621568969,-0.05628841374
0.07418546366,0.01450188708,0.01425142849,-0.05381756642,-0.0538777061
0.07518796992,0.01358585107,0.01331817688,-0.05153365665,-0.05158355461
0.07619047619,0.012727415,0.01244711259,-0.04935736038,-0.04939958158
0.07719298246,0.01192662616,0.01163400185,-0.04728553173,-0.04731979671
0.07819548872,0.01118288331,0.0108749066,-0.0453147603,-0.04533857166
0.07919799499,0.0104907352,0.01016616319,-0.04343854241,-0.04345061644
0.08020050125,0.009842246272,0.00950436272,-0.04164885014,-0.04165095735
0.08120300752,0.009232757967,0.008886332797,-0.03993998247,-0.03993491652
0.08220551378,0.008662682511,0.008309120665,-0.03830976601,-0.03829809279
0.08320802005,0.008133145799,0.007769977565,-0.03675663397,-0.03673634389
0.08421052632,0.007641099289,0.007266344242,-0.03527634185,-0.0352457699
0.08521303258,0.007180052809,0.006795837528,-0.03386244502,-0.03382269779
0.08621553885,0.006745353554,0.006356237887,-0.03250982693,-0.032463667
0.08721804511,0.006337233948,0.005945477879,-0.03121674067,-0.03116541598
0.08822055138,0.005957823919,0.005561631459,-0.02998280798,-0.02992486974
0.08922305764,0.005606019782,0.005202904052,-0.02880557602,-0.02873912806
0.09022556391,0.005276715253,0.004867623344,-0.02767999105,-0.02760545467
0.09122807018,0.004965254611,0.004554230742,-0.02660137352,-0.02652126702
0.09223057644,0.004671362651,0.004261273436,-0.02556805028,-0.02548412678
0.09323308271,0.004397596692,0.003987397049,-0.02458031987,-0.024491731
0.09423558897,0.004144382101,0.003731338795,-0.02363712406,-0.02354190377
0.09523809524,0.003907961957,0.00349192114,-0.02273466527,-0.02263258853
0.0962406015,0.003683776327,0.003268045902,-0.02186866239,-0.0217618408
0.09724310777,0.00347088469,0.00305868878,-0.02103731216,-0.02092782141
0.09824561404,0.00327182003,0.002862894267,-0.02024119463,-0.02012879022
0.0992481203,0.003088146425,0.00267977092,-0.01948029687,-0.01936310016
0.1002506266,0.002917411959,0.00250848697,-0.0187519649,-0.01862919171
0.1012531328,0.002755309129,0.002348266236,-0.01805234317,-0.01792558776
0.1022556391,0.002600206008,0.002198384327,-0.01737940787,-0.0172508887
0.1032581454,0.002454272384,0.002058165114,-0.01673372462,-0.01660376795
0.1042606516,0.002319841065,0.001926977441,-0.01611601257,-0.01598296765
0.1052631579,0.002195690368,0.001804232075,-0.01552464931,-0.01538729476
0.1062656642,0.002077940862,0.001689378859,-0.01495626427,-0.01481561725
0.1072681704,0.001964342659,0.00158190407,-0.01440860766,-0.01426686067
0.1082706767,0.001856467297,0.001481327959,-0.01388202171,-0.01374000481
0.109273183,0.00175707016,0.001387202455,-0.01337767671,-0.01323408072
0.1102756892,0.001666044894,0.001299109037,-0.01289485823,-0.01274816774
0.1112781955,0.001580105592,0.001216656744,-0.01243074758,-0.01228139084
0.1122807018,0.001496528657,0.00113948033,-0.01198292445,-0.01183291807
0.113283208,0.001416148057,0.001067238536,-0.01155137553,-0.0114019582
0.1142857143,0.001341827185,0.0009996124932,-0.01113747457,-0.01098775845
0.1152882206,0.001274418976,0.0009363042193,-0.01074127525,-0.01058960241
0.1162907268,0.001211365015,0.0008770352324,-0.01036056706,-0.01020680805
0.1172932331,0.00114965707,0.0008215452505,-0.009992854556,-0.009838725877
0.1182957393,0.001089339102,0.0007695909821,-0.009637704302,-0.009484737179
0.1192982456,0.001033108621,0.0007209449988,-0.009296481954,-0.00914425239
0.1203007519,0.0009825864802,0.0006753946838,-0.008969854168,-0.008816709538
0.1213032581,0.0009360298769,0.0006327412521,-0.008656252021,-0.008501572797
0.1223057644,0.0008903560259,0.0005927988364,-0.008353221624,-0.00819833111
0.1233082707,0.0008448433182,0.0005553936347,-0.008059903326,-0.007906496906
0.1243107769,0.0008017985391,0.0005203631149,-0.007777482594,-0.007625604881
0.1253132832,0.0007633936811,0.0004875552739,-0.007507073133,-0.007355210854
0.1263157895,0.0007287367036,0.0004568279448,-0.007247751387,-0.00709489069
0.1273182957,0.0006948796826,0.0004280481518,-0.006997226719,-0.006844239278
0.128320802,0.0006604242403,0.0004010915075,-0.006754255379,-0.006602869573
0.1293233083,0.0006271184616,0.0003758416507,-0.00651971366,-0.006370411688
0.1303258145,0.0005974551122,0.0003521897213,-0.006294991999,-0.006146512041
0.1313283208,0.0005713730465,0.0003300338708,-0.006079783475,-0.005930832548
0.1323308271,0.0005462511173,0.0003092788044,-0.005872074792,-0.005723049855
0.1333333333,0.0005201518836,0.0002898353544,-0.005670316842,-0.005522854623
0.1343358396,0.000494157666,0.0002716200809,-0.005474992234,-0.005329950843
0.1353383459,0.0004708534967,0.0002545549,-0.005287602692,-0.005144055191
0.1363408521,0.0004509359064,0.0002385667353,-0.005108396818,-0.004964896424
0.1373433584,0.0004322699993,0.0002235871937,-0.004935734022,-0.004792214798
0.1383458647,0.0004125521255,0.0002095522613,-0.004767865066,-0.004625761523
0.1393483709,0.0003921525476,0.00019640202,-0.004604837936,-0.00446529825
0.1403508772,0.0003735345827,0.000184080383,-0.004448112594,-0.004310596577
0.1413533835,0.0003580348412,0.0001725348467,-0.004298404892,-0.00416143759
0.1423558897,0.0003441209129,0.0001617162597,-0.004154515771,-0.00401761142
0.143358396,0.0003293129952,0.0001515786065,-0.004014614756,-0.00387891683
0.1443609023,0.0003132826807,0.0001420788055,-0.003878316352,-0.003745160815
0.1453634085,0.0002981854382,0.00013317652,-0.003746906539,-0.003616158234
0.1463659148,0.0002858440588,0.0001248339818,-0.00362145782,-0.00349173145
0.1473684211,0.0002753957202,0.0001170158261,-0.00350125032,-0.003371709992
0.1483709273,0.0002643776831,0.000109688937,-0.003384495055,-0.003255930239
0.1493734336,0.0002518284232,0.0001028223036,-0.003270410811,-0.003144235111
0.1503759398,0.0002394466985,9.638688457e-05,-0.003160003896,-0.003036473782
0.1513784461,0.0002293654648,9.035548234e-05,-0.003054579587,-0.002932501406
0.1523809524,0.0002214071,8.470262496e-05,-0.002953901841,-0.002832178854
0.1533834586,0.0002133059605,7.940445574e-05,-0.002856338342,-0.002735372465
0.1543859649,0.0002035770774,7.443863003e-05,-0.002760780656,-0.002641953813
0.1553884712,0.0001933594862,6.978421861e-05,-0.002667881732,-0.002551799479
0.1563909774,0.0001849103148,6.542161742e-05,-0.002579050336,-0.002464790835
0.1573934837,0.0001787022562,6.133246297e-05,-0.00249450616,-0.002380813846
0.15839599,0.0001728223959,5.749955332e-05,-0.002412873357,-0.002299758871
0.1593984962,0.0001654050695,5.39067741e-05,-0.002332807935,-0.00222152048
0.1604010025,0.0001569751494,5.053902925e-05,-0.002254569314,-0.002145997276
0.1614035088,0.000149731663,4.738217624e-05,-0.002179543892,-0.002073091729
0.162406015,0.0001447184882,4.44229655e-05,-0.002108350254,-0.002002710013
0.1634085213,0.0001404962628,4.164898362e-05,-0.002039946338,-0.001934761857
0.1644110276,0.0001349809644,3.90486003e-05,-0.001972858099,-0.001869160394
0.1654135338,0.0001280785736,3.661091862e-05,-0.001906945288,-0.001805822026
0.1664160401,0.0001217645155,3.432572853e-05,-0.001843458087,-0.001744666291
0.1674185464,0.0001175380848,3.218346334e-05,-0.001783333358,-0.00168561573
0.1684210526,0.0001145121516,3.017515889e-05,-0.001725912523,-0.001628595776
0.1694235589,0.0001105537405,2.829241543e-05,-0.001669702268,-0.001573534627
0.1704260652,0.0001049922211,2.652736192e-05,-0.001614188609,-0.001520363144
0.1714285714,9.944100787e-05,2.487262251e-05,-0.001560390465,-0.001469014742
0.1724310777,9.571244121e-05,2.332128529e-05,-0.001509465118,-0.001419425287
0.173433584,9.35052713e-05,2.186687295e-05,-0.001461157506,-0.001371533002
0.1744360902,9.08012406e-05,2.05033153e-05,-0.001414062436,-0.001325278373
0.1754385965,8.643617008e-05,1.922492357e-05,-0.001367345904,-0.00128060406
0.1764411028,8.155823996e-05,1.802636635e-05,-0.001321724571,-0.001237454814
0.177443609,7.813592673e-05,1.690264702e-05,-0.001278469027,-0.001195777394
0.1784461153,7.644249097e-05,1.584908266e-05,-0.001237718027,-0.001155520491
0.1794486216,7.472049379e-05,1.486128425e-05,-0.001198250476,-0.001116634651
0.1804511278,7.142744764e-05,1.393513813e-05,-0.001158987962,-0.001079072208
0.1814536341,6.718388503e-05,1.306678873e-05,-0.00112030161,-0.001042787209
0.1824561404,6.395511383e-05,1.225262221e-05,-0.001083467004,-0.001007735357
0.1834586466,6.25356512e-05,1.148925134e-05,-0.001048979326,-0.0009738739396
0.1844611529,6.154757686e-05,1.077350118e-05,-0.001015879487,-0.0009411617759
0.1854636591,5.920735012e-05,1.010239574e-05,-0.000982935275,-0.0009095591546
0.1864661654,5.558854141e-05,9.473145489e-06,-0.0009501581693,-0.0008790277801
0.1874686717,5.25031829e-05,8.8831356e-06,-0.0009187269425,-0.0008495307192
0.1884711779,5.117796851e-05,8.329914996e-06,-0.0008894321175,-0.0008210323501
0.1894736842,5.069855872e-05,7.811186052e-06,-0.0008616315422,-0.0007934983137
0.1904761905,4.918843724e-05,7.32479496e-06,-0.0008340372595,-0.0007668954666
0.1914786967,4.619698291e-05,6.868722697e-06,-0.000806315417,-0.0007411918358
0.192481203,4.325245924e-05,6.441076567e-06,-0.0007794595863,-0.0007163565756
0.1934837093,4.189719415e-05,6.040082271e-06,-0.0007544764121,-0.0006923599264
0.1944862155,4.172552783e-05,5.664076482e-06,-0.0007310697033,-0.000669173174
0.1954887218,4.091537861e-05,5.311499883e-06,-0.0007079935142,-0.0006467686121
0.1964912281,3.855286124e-05,4.980890645e-06,-0.0006846087117,-0.0006251195049
0.1974937343,3.578010623e-05,4.67087832e-06,-0.0006616543423,-0.0006042000518
0.1984962406,3.432102446e-05,4.380178107e-06,-0.0006402624509,-0.0005839853538
0.1994987469,3.428343759e-05,4.107585492e-06,-0.0006204850077,-0.00056445138
0.2005012531,3.403558635e-05,3.851971217e-06,-0.0006012082361,-0.000545574937
0.2015037594,3.229295217e-05,3.612276564e-06,-0.000581549136,-0.0005273336378
0.2025062657,2.974338058e-05,3.387508943e-06,-0.0005619459997,-0.0005097058736
0.2035087719,2.815153956e-05,3.176737748e-06,-0.0005435612086,-0.0004926707852
0.2045112782,2.810486428e-05,2.979090481e-06,-0.0005267713451,-0.0004762082361
0.2055137845,2.827681519e-05,2.793749114e-06,-0.0005106709938,-0.0004602987873
0.2065162907,2.712815386e-05,2.619946681e-06,-0.0004942103879,-0.0004449236713
0.207518797,2.486182465e-05,2.456964088e-06,-0.0004775061153,-0.0004300647691
0.2085213033,2.314635642e-05,2.304127112e-06,-0.0004616586321,-0.0004157045866
0.2095238095,2.298062282e-05,2.160803603e-06,-0.0004473227424,-0.0004018262325
0.2105263158,2.342972965e-05,2.026400849e-06,-0.0004338585932,-0.0003884133971
0.2115288221,2.28292112e-05,1.900363112e-06,-0.0004201359077,-0.0003754503313
0.2125313283,2.090447411e-05,1.782169319e-06,-0.0004059541617,-0.0003629218272
0.2135338346,1.910485709e-05,1.671330895e-06,-0.0003922690416,-0.0003508131988
0.2145363409,1.874485015e-05,1.56738973e-06,-0.0003799487938,-0.0003391102637
0.2155388471,1.933410136e-05,1.469916283e-06,-0.0003686539412,-0.0003277993253
0.2165413534,1.921575026e-05,1.378507789e-06,-0.0003572622322,-0.0003168671558
0.2175438596,1.76806683e-05,1.292786595e-06,-0.0003452845663,-0.0003063009797
0.2185463659,1.585825773e-05,1.212398587e-06,-0.0003334640757,-0.0002960884581
0.2195488722,1.526353137e-05,1.137011721e-06,-0.0003228048797,-0.0002862176734
0.2205513784,1.5867671e-05,1.06631465e-06,-0.0003132787087,-0.0002766771145
0.2215538847,1.614757696e-05,1.000015425e-06,-0.0003038554253,-0.0002674556625
0.222556391,1.503338925e-05,9.378402911e-07,-0.0002938065657,-0.0002585425775
0.2235588972,1.326258951e-05,8.795325492e-07,-0.0002836142851,-0.0002499274851
0.2245614035,1.242576277e-05,8.24851492e-07,-0.0002743345147,-0.0002416003636
0.2255639098,1.293706335e-05,7.73571407e-07,-0.0002662372762,-0.0002335515321
0.226566416,1.351754767e-05,7.254806414e-07,-0.0002584580992,-0.0002257716384
0.2275689223,1.283435032e-05,6.803807248e-07,-0.0002500944162,-0.0002182516479
0.2285714286,1.119387532e-05,6.380855479e-07,-0.0002413410442,-0.0002109828324
0.2295739348,1.01372164e-05,5.984205908e-07,-0.00023322169,-0.0002039567596
0.2305764411,1.047032573e-05,5.612222015e-07,-0.0002262699744,-0.000197165283
0.2315789474,1.124551996e-05,5.263369177e-07,-0.0002198450624,-0.0001906005317
0.2325814536,1.09802363e-05,4.936208321e-07,-0.0002129459877,-0.0001842549014
0.2335839599,9.544939502e-06,4.629389964e-07,-0.000205476888,-0.0001781210451
0.2345864662,8.315403037e-06,4.341648638e-07,-0.0001983514842,-0.000172191864
0.2355889724,8.410819752e-06,4.071797644e-07,-0.0001923140361,-0.0001664604991
0.2365914787,9.273068136e-06,3.818724155e-07,-0.0001869860381,-0.0001609203232
0.237593985,9.389646579e-06,3.581384606e-07,-0.0001813481464,-0.0001555649329
0.2385964912,8.223397806e-06,3.35880038e-07,-0.0001750327313,-0.0001503881405
0.2395989975,6.886416733e-06,3.150053768e-07,-0.0001687775408,-0.0001453839672
0.2406015038,6.712278702e-06,2.954284169e-07,-0.0001634709894,-0.0001405466358
0.24160401,7.558769862e-06,2.770684534e-07,-0.0001590142175,-0.0001358705637
0.2426065163,8.000421773e-06,2.598498035e-07,-0.0001544476494,-0.0001313503563
0.2436090226,7.150429519e-06,2.437014934e-07,-0.0001491706753,-0.0001269808004
0.2446115288,5.782921657e-06,2.28556965e-07,-0.0001436952619,-0.0001227568587
0.2456140351,5.334930393e-06,2.143538014e-07,-0.0001389794788,-0.000118673663
0.2466165414,6.073971103e-06,2.010334687e-07,-0.0001351996796,-0.0001147265089
0.2476190476,6.767125154e-06,1.885410743e-07,-0.0001315265229,-0.0001109108502
0.2486215539,6.259997098e-06,1.768251404e-07,-0.0001271813344,-0.0001072222933
0.2496240602,4.943091316e-06,1.658373912e-07,-0.0001224197089,-0.0001036565923
0.2506265664,4.242654088e-06,1.555325538e-07,-0.0001181927103,-0.0001002096439
0.2516290727,4.799023895e-06,1.458681713e-07,-0.0001149269241,-9.687748248e-05
0.2526315789,5.658557304e-06,1.368044274e-07,-0.0001119811223,-9.365627554e-05
0.2536340852,5.498251745e-06,1.283039821e-07,-0.0001084648149,-9.054231912e-05
0.2546365915,4.310210461e-06,1.203318177e-07,-0.000104367345,-8.753203348e-05
0.2556390977,3.401012215e-06,1.128550941e-07,-0.0001005597563,-8.462195892e-05
0.256641604,3.72010308e-06,1.058430136e-07,-9.7675962e-05,-8.180875169e-05
0.2576441103,4.655298219e-06,9.926669357e-08,-9.530428089e-05,-7.908918008e-05
0.2586466165,4.82294795e-06,9.309904738e-08,-9.25146581e-05,-7.646012065e-05
0.2596491228,3.832730104e-06,8.731467268e-08,-8.904092935e-05,-7.391855458e-05
0.2606516291,2.775962094e-06,8.188974663e-08,-8.561005615e-05,-7.14615641e-05
0.2616541353,2.826480807e-06,7.680192757e-08,-8.300634763e-05,-6.908632913e-05
0.2626566416,3.747394675e-06,7.203026299e-08,-8.107010714e-05,-6.679012397e-05
0.2636591479,4.202854376e-06,6.755510301e-08,-7.890426373e-05,-6.457031411e-05
0.2646616541,3.464635182e-06,6.335801944e-08,-7.601702056e-05,-6.242435317e-05
0.2656641604,2.333195991e-06,5.942172976e-08,-7.294064662e-05,-6.034977993e-05
0.2666666667,2.108163818e-06,5.573002585e-08,-7.05436676e-05,-5.834421547e-05
0.2676691729,2.93193698e-06,5.226770722e-08,-6.892082765e-05,-5.64053604e-05
0.2686716792,3.617134827e-06,4.902051829e-08,-6.72753441e-05,-5.453099217e-05
0.2696741855,3.166165633e-06,4.597508966e-08,-6.493572592e-05,-5.271896251e-05
0.2706766917,2.038122824e-06,4.311888298e-08,-6.220577944e-05,-5.096719492e-05
0.271679198,1.554029319e-06,4.04401393e-08,-5.996825266e-05,-4.927368228e-05
0.2726817043,2.210506817e-06,3.792783058e-08,-5.855534941e-05,-4.763648448e-05
0.2736842105,3.054198975e-06,3.557161426e-08,-5.73277339e-05,-4.605372621e-05
0.2746867168,2.904569226e-06,3.336179064e-08,-5.549211102e-05,-4.452359477e-05
0.2756892231,1.856640325e-06,3.128926288e-08,-5.310868306e-05,-4.304433797e-05
0.2766917293,1.150752627e-06,2.934549956e-08,-5.100601623e-05,-4.161426209e-05
0.2776942356,1.586819781e-06,2.752249948e-08,-4.971950559e-05,-4.023172996e-05
0.2786967419,2.510131459e-06,2.581275874e-08,-4.88104034e-05,-3.8895159e-05
0.2796992481,2.65428818e-06,2.42092398e-08,-4.742862311e-05,-3.760301946e-05
0.2807017544,1.755979387e-06,2.270534251e-08,-4.53946751e-05,-3.635383259e-05
0.2817042607,8.825608459e-07,2.129487686e-08,-4.342111591e-05,-3.514616897e-05
0.2827067669,1.065073157e-06,1.997203756e-08,-4.21980572e-05,-3.397864686e-05
0.2837092732,1.987174014e-06,1.873138009e-08,-4.151379089e-05,-3.284993057e-05
0.2847117794,2.396883171e-06,1.756779827e-08,-4.052858507e-05,-3.175872895e-05
0.2857142857,1.705324859e-06,1.647650321e-08,-3.884529448e-05,-3.07037939e-05
0.286716792,7.308942196e-07,1.545300366e-08,-3.700961415e-05,-2.96839189e-05
0.2877192982,6.484579856e-07,1.449308742e-08,-3.58077865e-05,-2.869793766e-05
0.2887218045,1.492539771e-06,1.359280406e-08,-3.526334172e-05,-2.774472274e-05
0.2897243108,2.121278387e-06,1.274844862e-08,-3.461093411e-05,-2.682318427e-05
0.290726817,1.676824988e-06,1.195654636e-08,-3.327374461e-05,-2.593226869e-05
0.2917293233,6.743857283e-07,1.121383846e-08,-3.159437015e-05,-2.507095755e-05
0.2927318296,3.37378443e-07,1.051726858e-08,-3.039131829e-05,-2.42382663e-05
0.2937343358,1.036388545e-06,9.86397031e-09,-2.991328251e-05,-2.34332432e-05
0.2947368421,1.823571235e-06,9.251255319e-09,-2.952539236e-05,-2.26549682e-05
0.2957393484,1.647188538e-06,8.676602331e-09,-2.852148241e-05,-2.190255189e-05
0.2967418546,6.900441975e-07,8.137646723e-09,-2.702156904e-05,-2.117513447e-05
0.2977443609,1.285650336e-07,7.632170793e-09,-2.581241851e-05,-2.047188477e-05
0.2987468672,6.296254064e-07,7.158094629e-09,-2.534112669e-05,-1.979199929e-05
0.2997493734,1.505621895e-06,6.713467549e-09,-2.514755496e-05,-1.913470127e-05
0.3007518797,1.598116805e-06,6.296460068e-09,-2.445461057e-05,-1.849923982e-05
0.301754386,7.545037602e-07,5.905356368e-09,-2.315779725e-05,-1.788488903e-05
0.3027568922,1.5394053e-08,5.538547235e-09,-2.195264775e-05,-1.729094716e-05
0.3037593985,2.829353184e-07,5.194523431e-09,-2.14436723e-05,-1.671673582e-05
0.3047619048,1.174093154e-06,4.87186949e-09,-2.13750334e-05,-1.616159917e-05
0.305764411,1.516338688e-06,4.569257881e-09,-2.096074926e-05,-1.562490324e-05
0.3067669173,8.443628607e-07,4.285443551e-09,-1.988712977e-05,-1.51060351e-05
0.3077694236,-1.268747013e-08,4.0192588e-09,-1.870785539e-05,-1.460440226e-05
0.3087719298,5.49401466e-09,3.76960847e-09,-1.81331041e-05,-1.411943191e-05
0.3097744361,8.399607569e-07,3.535465442e-09,-1.812426465e-05,-1.36505703e-05
0.3107769424,1.394728816e-06,3.315866407e-09,-1.794712774e-05,-1.319728211e-05
0.3117794486,9.377498768e-07,3.109907902e-09,-1.710967924e-05,-1.275904982e-05
0.3127819549,2.9859616e-08,2.916742589e-09,-1.598575678e-05,-1.233537312e-05
0.3137844612,-1.970589629e-07,2.735575773e-09,-1.533317966e-05,-1.192576833e-05
0.3147869674,5.162113157e-07,2.565662125e-09,-1.532647449e-05,-1.152976788e-05
0.3157894737,1.231946417e-06,2.40630262e-09,-1.533786962e-05,-1.114691973e-05
0.3167919799,1.016068203e-06,2.256841658e-09,-1.474041922e-05,-1.077678688e-05
0.3177944862,1.264903212e-07,2.116664365e-09,-1.370501142e-05,-1.041894685e-05
0.3187969925,-3.225670249e-07,1.985194067e-09,-1.297730973e-05,-1.007299122e-05
0.3197994987,2.164140153e-07,1.86188991e-09,-1.292486093e-05,-9.738525143e-06
0.320802005,1.031188419e-06,1.746244641e-09,-1.307128298e-05,-9.4151669e-06
0.3218045113,1.063799155e-06,1.637782516e-09,-1.270710127e-05,-9.102547462e-06
0.3228070175,2.587558841e-07,1.536057347e-09,-1.17933396e-05,-8.800310069e-06
0.3238095238,-3.726454562e-07,1.44065066e-09,-1.100640568e-05,-8.508109821e-06
0.3248120301,-4.569207321e-08,1.351169979e-09,-1.087251737e-05,-8.22561328e-06
0.3258145363,8.00691161e-07,1.267247207e-09,-1.109860769e-05,-7.952498095e-06
0.3268170426,1.069951364e-06,1.188537112e-09,-1.094980307e-05,-7.688452626e-06
0.3278195489,4.07189177e-07,1.114715909e-09,-1.018674275e-05,-7.433175595e-06
0.3288220551,-3.53814943e-07,1.045479926e-09,-9.366679522e-06,-7.186375734e-06
0.3298245614,-2.587979565e-07,9.80544352e-10,-9.129132231e-06,-6.947771457e-06
0.3308270677,5.519864297e-07,9.196420708e-10,-9.381220558e-06,-6.717090536e-06
0.3318295739,1.028833081e-06,8.625225571e-10,-9.419877087e-06,-6.49406979e-06
0.3328320802,5.537571585e-07,8.089508479e-10,-8.829759282e-06,-6.278454784e-06
0.3338345865,-2.757586187e-07,7.587065753e-10,-8.009647581e-06,-6.069999537e-06
0.3348370927,-4.143579571e-07,7.115830599e-10,-7.659755981e-06,-5.868466244e-06
0.335839599,2.983086632e-07,6.673864606e-10,-7.888576184e-06,-5.673625e-06
0.3368421053,9.388320281e-07,6.259349767e-10,-8.078033487e-06,-5.485253541e-06
0.3378446115,6.815315172e-07,5.870581005e-10,-7.673993915e-06,-5.303136987e-06
0.3388471178,-1.514624642e-07,5.505959153e-10,-6.890701071e-06,-5.127067598e-06
0.3398496241,-5.069657359e-07,5.163984376e-10,-6.433266796e-06,-4.956844537e-06
0.3408521303,5.469141201e-08,4.843250004e-10,-6.597173763e-06,-4.792273638e-06
0.3418546366,8.037662274e-07,4.542436741e-10,-6.894380104e-06,-4.633167188e-06
0.3428571429,7.766141959e-07,4.260307237e-10,-6.678709868e-06,-4.479343708e-06
0.3438596491,3.375810506e-09,3.995701004e-10,-5.968827241e-06,-4.330627751e-06
0.3448621554,-5.361740463e-07,3.747529631e-10,-5.420355161e-06,-4.186849697e-06
0.3458646617,-1.650195277e-07,3.514772318e-10,-5.487575018e-06,-4.04784556e-06
0.3468671679,6.312541888e-07,3.296471668e-10,-5.846219955e-06,-3.913456804e-06
0.3478696742,8.291252455e-07,3.091729752e-10,-5.810396982e-06,-3.783530157e-06
0.3488721805,1.727738808e-07,2.899704415e-10,-5.207314007e-06,-3.657917441e-06
0.3498746867,-5.047827186e-07,2.71960581e-10,-4.593998226e-06,-3.536475397e-06
0.350877193,-3.480805325e-07,2.550693153e-10,-4.543991776e-06,-3.419065528e-06
0.3518796992,4.319514338e-07,2.392271668e-10,-4.917129854e-06,-3.305553937e-06
0.3528822055,8.325302972e-07,2.243689738e-10,-5.041807442e-06,-3.195811171e-06
0.3538847118,3.397561026e-07,2.104336216e-10,-4.572559217e-06,-3.089712081e-06
0.354887218,-4.201348304e-07,1.973637917e-10,-3.927691513e-06,-2.987135674e-06
0.3558897243,-4.842567565e-07,1.851057259e-10,-3.752387301e-06,-2.887964974e-06
0.3568922306,2.195196321e-07,1.736090047e-10,-4.096098545e-06,-2.792086892e-06
0.3578947368,7.857522923e-07,1.628263405e-10,-4.352769869e-06,-2.699392094e-06
0.3588972431,4.892933227e-07,1.52713383e-10,-4.035692257e-06,-2.609774879e-06
0.3598997494,-2.927881534e-07,1.432285361e-10,-3.396133164e-06,-2.523133054e-06
0.3609022556,-5.672609201e-07,1.343327878e-10,-3.099270887e-06,-2.439367821e-06
0.3619047619,7.703266539e-09,1.259895489e-10,-3.375137996e-06,-2.358383666e-06
0.3629072682,6.910775416e-07,1.181645029e-10,-3.728118254e-06,-2.280088243e-06
0.3639097744,6.0812699e-07,1.108254648e-10,-3.571630097e-06,-2.204392276e-06
0.3649122807,-1.35516527e-07,1.039422487e-10,-2.975078594e-06,-2.131209452e-06
0.365914787,-5.937217702e-07,9.748654325e-11,-2.571758511e-06,-2.060456326e-06
0.3669172932,-1.887407866e-07,9.143179597e-11,-2.749549153e-06,-1.992052222e-06
0.3679197995,5.554309764e-07,8.575310337e-11,-3.1584258e-06,-1.925919146e-06
0.3689223058,6.860302773e-07,8.042710875e-11,-3.159891411e-06,-1.861981692e-06
0.369924812,3.659072723e-08,7.543190616e-11,-2.641146367e-06,-1.800166959e-06
0.3709273183,-5.654224418e-07,7.07469502e-11,-2.155713107e-06,-1.740404466e-06
0.3719298246,-3.572351916e-07,6.63529716e-11,-2.215171358e-06,-1.682626074e-06
0.3729323308,3.886608459e-07,6.223189787e-11,-2.638100924e-06,-1.626765906e-06
0.3739348371,7.169115626e-07,5.836677905e-11,-2.784625599e-06,-1.572760272e-06
0.3749373434,2.090058761e-07,5.474171792e-11,-2.373253044e-06,-1.520547599e-06
0.3759398496,-4.868960196e-07,5.134180467e-11,-1.837155766e-06,-1.470068356e-06
0.3769423559,-4.867128229e-07,4.815305551e-11,-1.768866247e-06,-1.42126499e-06
0.3779448622,2.029417516e-07,4.51623552e-11,-2.165093394e-06,-1.374081859e-06
0.3789473684,6.979205658e-07,4.235740308e-11,-2.433997367e-06,-1.328465169e-06
0.3799498747,3.666712844e-07,3.972666251e-11,-2.151610674e-06,-1.284362913e-06
0.380952381,-3.671552636e-07,3.725931336e-11,-1.600568399e-06,-1.241724808e-06
0.3819548872,-5.695580438e-07,3.494520754e-11,-1.406525159e-06,-1.200502244e-06
0.3829573935,1.21655301e-08,3.277482727e-11,-1.739831123e-06,-1.160648224e-06
0.3839598997,6.312868175e-07,3.07392459e-11,-2.100979759e-06,-1.12211731e-06
0.384962406,4.974224532e-07,2.883009123e-11,-1.959884942e-06,-1.084865574e-06
0.3859649123,-2.170966169e-07,2.703951104e-11,-1.430755937e-06,-1.048850548e-06
0.3869674185,-6.016061924e-07,2.536014081e-11,-1.123290111e-06,-1.014031171e-06
0.3879699248,-1.702130884e-07,2.378507342e-11,-1.363892304e-06,-9.803677479e-07
0.3889724311,5.218672853e-07,2.230783075e-11,-1.781569403e-06,-9.478219003e-07
0.3899749373,5.905016391e-07,2.092233705e-11,-1.783764501e-06,-9.163565248e-07
0.3909774436,-5.013124396e-08,1.962289391e-11,-1.311790485e-06,-8.859357496e-07
0.3919799499,-5.823945188e-07,1.840415684e-11,-9.127396443e-07,-8.565248939e-07
0.3929824561,-3.307313405e-07,1.726111331e-11,-1.039838516e-06,-8.280904287e-07
0.3939849624,3.790161744e-07,1.61890621e-11,-1.475874263e-06,-8.00599938e-07
0.3949874687,6.395110778e-07,1.518359398e-11,-1.613070617e-06,-7.740220821e-07
0.3959899749,1.199840888e-07,1.424057359e-11,-1.228763023e-06,-7.48326562e-07
0.3969924812,-5.155853315e-07,1.335612238e-11,-7.668702972e-07,-7.234840846e-07
0.3979949875,-4.58794164e-07,1.252660273e-11,-7.693343632e-07,-6.994663293e-07
0.3989974937,2.132917223e-07,1.174860291e-11,-1.185644486e-06,-6.762459159e-07
0.4,6.407175918e-07,1.101892313e-11,-1.440090336e-06,-6.537963734e-07
