kh,R_ref,R_memoire,R_instantane,T_ref,T_memoire,T_instantane,E_R_memoire,E_R_instantane,E_T_memoire,E_T_instantane
0.01,0.01767693834,0.01767651887,0.01767648046,0.9998441764,0.9998441842,0.9998420032,2.372945544e-05,2.590228027e-05,7.833200107e-09,2.173562258e-06
0.02,0.03533348127,0.03533013307,0.03532982601,0.9993773299,0.9993774549,0.9993687345,9.475990098e-05,0.0001034503201,1.250903483e-07,8.600780148e-06
0.03,0.0529493582,0.05293809203,0.05293705686,0.998601327,0.9986019578,0.998582351,0.0002127726664,0.0002323227361,6.316910612e-07,1.900260418e-05
0.04,0.07050454441,0.07047795092,0.0704755011,0.9975192578,0.9975212424,0.9974864208,0.0003771884041,0.0004119353888,1.989549441e-06,3.291858561e-05
0.05,0.08797937958,0.08792771769,0.08792294263,0.9961354047,0.9961402217,0.9960858831,0.0005872045451,0.0006414792652,4.835695706e-06,4.971377589e-05
0.06,0.1053546828,0.1052659931,0.1052577623,0.9944552005,0.9944651182,0.9943869928,0.0008418198853,0.0009199449987,9.973034502e-06,6.858799691e-05
0.07,0.1226118583,0.1224721019,0.1224590697,0.9924851746,0.9925033953,0.9923972527,0.001139827506,0.001246115745,1.835861885e-05,8.858760342e-05
0.08,0.1397329962,0.1395262133,0.139506825,0.9902328909,0.9902636773,0.9901253327,0.001479843061,0.001618595687,3.109013752e-05,0.0001086190348
0.09,0.1567009615,0.1564094491,0.1563819473,0.9877068756,0.9877556588,0.9875809781,0.001860310507,0.002035815611,4.939043015e-05,0.0001274643492
0.1,0.1734994756,0.1731039788,0.1730664108,0.9849165392,0.9849900049,0.9847749103,0.002279526936,0.002496058261,7.459085685e-05,0.0001437978921
0.11,0.1901131851,0.1895931004,0.1895433259,0.9818720918,0.9819782454,0.9817187192,0.002735658316,0.002997473755,0.0001081134775,0.0001562041734
0.12,0.2065277212,0.2058613061,0.2057970056,0.9785844539,0.9787326631,0.9784247525,0.003226758724,0.003538099149,0.0001514525652,0.0001631963958
0.13,0.222729746,0.2218943333,0.2218130173,0.9750651649,0.9752661803,0.9749059999,0.003750790671,0.004115878892,0.0002061558044,0.0001632352983
0.14,0.238706989,0.2376792011,0.2375782186,0.9713262889,0.9715922434,0.9711759781,0.004305646165,0.004728685737,0.0002738055445,0.0001547479537
0.15,0.2544482711,0.2532042318,0.25308078,0.9673803212,0.9677247087,0.9672486158,0.004889164132,0.005374338596,0.0003560001892,0.0001361464007
0.16,0.2699435186,0.2684590586,0.2683101922,0.9632400951,0.9636777301,0.9631381404,0.005499150548,0.00605062272,0.000454336323,0.000105845543
0.17,0.2851837657,0.2834346207,0.2832572618,0.9589186916,0.9594656508,0.9588589698,0.006133396113,0.006755307189,0.000570391586,6.228031397e-05
0.18,0.3001611485,0.2981231465,0.2979140935,0.9544293514,0.9551029004,0.9544256083,0.006789693072,0.007486162102,0.0007057085924,3.921753312e-06
0.19,0.3148688893,0.3125181251,0.3122740628,0.9497853915,0.9506038976,0.9498525491,0.007465850969,0.008240974487,0.0008617800608,7.070813191e-05
0.2,0.3293012725,0.3266142695,0.3263317779,0.9450001269,0.9459829603,0.9451541834,0.008159710576,0.009017561892,0.00104003522,0.0001630227416
0.21,0.3434536145,0.3404074707,0.3400830344,0.9400867968,0.9412542226,0.9403447179,0.008869156412,0.009813785552,0.001241827625,0.000274358773
0.22,0.357322226,0.3538947453,0.353524762,0.9350584981,0.9364315609,0.9354380996,0.009592128464,0.0106275617,0.001468424517,0.0004059655591
0.23,0.3709043696,0.367074177,0.3666549661,0.9299281235,0.9315285274,0.9304479494,0.01032663114,0.01145687086,0.001720997502,0.0005589958238
0.24,0.3841982135,0.3799448544,0.3794726655,0.9247083075,0.9265582926,0.9253875038,0.01107074128,0.01229976569,0.002000614749,0.0007344978923
0.25,0.3972027808,0.3925068053,0.3919778252,0.919411378,0.9215335952,0.9202695653,0.01182261491,0.01315437814,0.002308234649,0.0009334094669
0.26,0.4099178972,0.4047609282,0.4041712894,0.9140493144,0.9164667013,0.9151064605,0.0125804924,0.01401892401,0.00264470079,0.001156552569
0.27,0.4223441364,0.4167089247,0.4160547114,0.9086337123,0.9113693704,0.9099100064,0.01334270132,0.01489170677,0.003010738039,0.001404629858
0.28,0.4344827644,0.4283532294,0.4276304846,0.9031757544,0.9062528291,0.9046914839,0.01410765973,0.0157711199,0.003406950089,0.001678222082
0.29,0.4463356844,0.4396969422,0.438901674,0.8976861862,0.9011277516,0.899461618,0.01487387721,0.01665564867,0.003833817897,0.001977786763
0.3,0.4579053807,0.4507437611,0.4498719483,0.8921752987,0.8960042467,0.8942305651,0.01563995513,0.01754386982,0.004291699122,0.002303657595
0.31,0.4691948649,0.4614979176,0.460545515,0.886652915,0.8908918504,0.889007905,0.01640458553,0.01843445123,0.004780828341,0.002656044946
0.32,0.4802076219,0.4719641135,0.4709270571,0.8811283818,0.8857995239,0.8838026391,0.01716655063,0.01932615053,0.00530131832,0.003035037034
0.33,0.490947559,0.4821474616,0.4810216732,0.8756105657,0.8807356557,0.8786231929,0.01792471974,0.02021781275,0.005853161498,0.003440601704
0.34,0.5014189557,0.4920534289,0.4908348201,0.8701078525,0.8757080688,0.8734774225,0.01867804704,0.02110836768,0.006436232366,0.003872588827
0.35,0.5116264171,0.5016877832,0.5003722594,0.864628151,0.8707240303,0.8683726248,0.01942556829,0.02199682682,0.007050290173,0.004330733187
0.36,0.5215748284,0.5110565431,0.5096400073,0.8591788985,0.8657902647,0.8633155508,0.02016639746,0.0228822797,0.007694982075,0.004814657685
0.37,0.5312693128,0.5201659316,0.5186442873,0.8537670702,0.8609129695,0.858312421,0.02089972247,0.02376389001,0.008369846394,0.005323876831
0.38,0.5407151919,0.5290223333,0.5273914875,0.84839919,0.8560978325,0.8533689432,0.02162480135,0.02464089155,0.009074316294,0.005857800517
0.39,0.5499179487,0.5376322548,0.5358881208,0.843081343,0.8513500518,0.8484903319,0.02234095821,0.0255125841,0.009807723644,0.006415737952
0.4,0.558883193,0.5460022887,0.5441407883,0.8378191906,0.8466743553,0.8436813291,0.02304757864,0.02637832895,0.01056930277,0.006996901625
0.41,0.5676166303,0.5541390811,0.5521561469,0.8326179859,0.8420750228,0.8389462251,0.02374410543,0.02723754466,0.01135819443,0.007600411423
0.42,0.5761240321,0.5620493022,0.5599408793,0.8274825899,0.8375559077,0.8342888814,0.02443003441,0.02808970279,0.01217344983,0.008225298744
0.43,0.58441121,0.5697396192,0.567501667,0.8224174896,0.8331204592,0.8297127526,0.02510491005,0.02893432345,0.01301403453,0.008870510528
0.44,0.5924839913,0.5772166734,0.5748451673,0.8174268149,0.8287717447,0.8252209088,0.02576832124,0.02977097131,0.01387883234,0.009534913407
0.45,0.600348197,0.5844870593,0.5819779916,0.8125143574,0.824512472,0.8208160584,0.02641989724,0.03059925136,0.01476664923,0.0102172976
0.46,0.6080096228,0.5915573057,0.588906687,0.807683588,0.8203450113,0.8165005697,0.02705930382,0.03141880506,0.01567621708,0.01091638092
0.47,0.6154740213,0.5984338602,0.5956377205,0.8029376752,0.8162714167,0.8122764928,0.02768623938,0.03222930643,0.01660619739,0.01163081253
0.48,0.6227470864,0.6051230754,0.6021774646,0.7982795029,0.8122934471,0.8081455804,0.02830043115,0.03303045851,0.01755518488,0.01235917677
0.49,0.6298344398,0.6116311967,0.6085321859,0.793711688,0.8084125865,0.8041093085,0.02890163191,0.03382198969,0.01852171098,0.01309999673
0.5,0.6367416188,0.6179643527,0.6147080344,0.7892365976,0.8046300634,0.800168896,0.02948961651,0.03460365052,0.01950424731,0.01385173781
