y1,Re_U_homog_a_0e,Re_U_homog_a_1e,Re_U_homog_a_2e,Re_U_reference
-8,-0.5825061281,-0.388834309,-0.5068722392,-0.3735191397
-7.791301301,-0.5746219905,-0.3489715962,-0.4431157292,-0.333798321
-6.731799596,-0.4778956889,-0.1195177949,-0.08307894039,-0.1070165608
-5.833916795,-0.3354650358,0.08259893157,0.2278095447,0.09080795338
-5.072999167,-0.1873347019,0.2351720429,0.4586487894,0.2389559335
-4.42815372,-0.05331436191,0.3385046275,0.6115667603,0.3383310466
-3.881674527,0.05940231701,0.4017200421,0.7015622889,0.3982374754
-3.418556567,0.1502725263,0.4355586321,0.74580509,0.4294123483
-3.02608372,0.2216909019,0.4493921917,0.7591763735,0.4411516612
-2.693479612,0.2769774536,0.4504134875,0.7530687031,0.4405515314
-2.411611724,0.3194147033,0.4437532715,0.7355911648,0.4326485112
-2.172740632,0.3518604633,0.4328938329,0.7122279053,0.4208429357
-1.970307504,0.3766476786,0.4201058981,0.6865319485,0.4073397837
-1.798754005,0.395612215,0.406813447,0.6607059427,0.3935155807
-1.653369684,0.4101673502,0.3938686426,0.6360411975,0.3801947562
-1.530162633,0.4213867141,0.3817477035,0.6132313557,0.3678455351
-1.425749877,0.4300796741,0.37068569,0.5925886837,0.3567120575
-1.337264491,0.4368540039,0.3607670884,0.5741895726,0.3468990762
-1.262276875,0.4421655334,0.3519856032,0.5579705444,0.3384230056
-1.198728049,0.4463563876,0.3442830097,0.5437905003,0.3312401412
-1.144873111,0.4496839236,0.3375739908,0.5314703346,0.3252611934
-1.099233333,0.4523423938,0.3317617061,0.5208175658,0.3203611685
-1.060555556,0.454479056,0.3267472912,0.5116411609,0.3163918284
-1.027777778,0.4562061102,0.3224354206,0.5037600123,0.3131979968
-1,,,,0.3106332084
-0.9722222222,0.5538579943,,,0.3082095307
-0.9444444444,0.5488124795,,,0.3059314669
-0.9166666667,0.5436944638,,,0.3037976782
-0.8888888889,0.5385047076,,,0.3018015594
-0.8611111111,0.5332439807,,,0.2999324302
-0.8333333333,0.5279130622,,,0.2981769885
-0.8055555556,0.5225127406,,,0.2965206942
-0.7777777778,0.517043813,,,0.2949488802
-0.75,0.511507086,,,0.2934475216
-0.7222222222,0.5059033745,,,0.2920036931
-0.6944444444,0.5002335025,,,0.290605786
-0.6666666667,0.4944983024,,,0.2892435617
-0.6388888889,0.4886986151,,,0.2879081052
-0.6111111111,0.4828352899,,,0.2865917255
-0.5833333333,0.4769091842,,,0.2852878309
-0.5555555556,0.4709211637,,,0.2839907992
-0.5277777778,0.4648721018,,,0.2826958527
-0.5,0.4587628799,,,0.2813989422
-0.4722222222,0.4525943872,,,0.2800966438
-0.4444444444,0.4463675203,,,0.2787860673
-0.4166666667,0.4400831834,,,0.2774647771
-0.3888888889,0.4337422879,,,0.276130723
-0.3611111111,0.4273457525,,,0.274782182
-0.3333333333,0.420894503,,,0.2734177068
-0.3055555556,0.414389472,,,0.2720360833
-0.2777777778,0.407831599,,,0.2706362928
-0.25,0.40122183,,,0.2692174806
-0.2222222222,0.3945611178,,,0.2677789286
-0.1944444444,0.3878504213,,,0.2663200312
-0.1666666667,0.3810907058,,,0.2648402752
-0.1388888889,0.3742829428,,,0.2633392213
-0.1111111111,0.3674281096,,,0.2618164881
-0.08333333333,0.3605271894,,,0.2602717373
-0.05555555556,0.353581171,,,0.2587046604
-0.02777777778,0.3465910491,,,0.2571149659
0,0.3395578233,,,0.2555023664
0.02777777778,0.3324824988,,,0.2538665667
0.05555555556,0.325366086,,,0.2522072509
0.08333333333,0.3182095999,,,0.2505240684
0.1111111111,0.3110140608,,,0.2488166197
0.1388888889,0.3037804933,,,0.2470844398
0.1666666667,0.2965099268,,,0.2453269801
0.1944444444,0.289203395,,,0.2435435871
0.2222222222,0.2818619358,,,0.2417334785
0.25,0.2744865914,,,0.2398957148
0.2777777778,0.2670784077,,,0.2380291667
0.3055555556,0.2596384347,,,0.2361324757
0.3333333333,0.2521677259,,,0.2342040094
0.3611111111,0.2446673382,,,0.2322418068
0.3888888889,0.2371383321,,,0.2302435153
0.4166666667,0.2295817713,,,0.2282063152
0.4444444444,0.2219987223,,,0.226126831
0.4722222222,0.2143902549,,,0.224001027
0.5,0.2067574413,,,0.2218240841
0.5277777778,0.1991013566,,,0.2195902554
0.5555555556,0.1914230783,,,0.2172926982
0.5833333333,0.1837236861,,,0.2149232793
0.6111111111,0.176004262,,,0.2124723521
0.6388888889,0.1682658899,,,0.209928506
0.6666666667,0.1605096556,,,0.2072782914
0.6944444444,0.1527366467,,,0.2045059295
0.7222222222,0.1449479522,,,0.2015930271
0.75,0.1371446627,,,0.1985183325
0.7777777778,0.1293278699,,,0.1952575896
0.8055555556,0.1214986666,,,0.1917835857
0.8333333333,0.1136581467,,,0.1880665174
0.8611111111,0.1058074046,,,0.1840748358
0.8888888889,0.09794753574,,,0.1797767224
0.9166666667,0.09007963574,,,0.1751422675
0.9444444444,0.08220480068,,,0.1701462402
0.9722222222,0.07432412684,,,0.164771064
1,0.06643871051,,,0.1590093583
1.027777778,0.05854964785,0.1863298835,,0.1528653365
1.060555556,0.04923735813,0.1757956105,,0.1451456877
1.099233333,0.03824674247,0.1633329728,,0.1354390708
1.144873111,0.02527870805,0.1485866224,,0.1232697706
1.198728049,0.009983963549,0.1311368495,,0.1081135804
1.262276875,-0.008043019343,0.1104896703,,0.08941235655
1.337264491,-0.0292689622,0.08606696225,,0.06657662743
1.425749877,-0.05422399194,0.05719812032,,0.03897481005
1.530162633,-0.0834982057,0.02311601042,,0.005917660449
1.653369684,-0.117727656,-0.01703780057,,-0.03335065106
1.798754005,-0.1575615668,-0.06418989651,,-0.07964319452
1.970307504,-0.2035974896,-0.1192793782,,-0.1337861418
2.172740632,-0.2562633836,-0.1831458686,,-0.1965133802
2.411611724,-0.3156145039,-0.2563232936,,-0.2682606585
2.693479612,-0.3809984249,-0.3386819997,,-0.348804284
3.02608372,-0.4505258341,-0.4288378199,-0.2718006676,-0.4366694266
3.418556567,-0.5202766948,-0.5232261602,-0.4027606794,-0.5282147068
3.881674527,-0.5831949474,-0.6147463594,-0.5411407812,-0.6163082725
4.42815372,-0.6277353908,-0.6909772934,-0.6754304145,-0.6886085997
5.072999167,-0.6366347724,-0.7322799238,-0.7850336525,-0.7257783319
5.833916795,-0.5868696325,-0.7108714189,-0.8374316713,-0.7007122616
6.731799596,-0.4531342157,-0.5934842074,-0.7882127857,-0.581320013
7.791301301,-0.2188839408,-0.3525408122,-0.5898398001,-0.3415331545
8,-0.1667387966,-0.2958559308,-0.5359985032,-0.2854742247
